feature_id,istd_feature_id,feature_class,feature_label,response_factor,quantifier,valid_integration,interference_feature_id,interference_contribution,remarks
CE 14:0,CE 18:1 d7 (ISTD),CE,,1,TRUE,TRUE,,,
CE 15:0,CE 18:1 d7 (ISTD),CE,,1,TRUE,TRUE,,,
CE 16:0,CE 18:1 d7 (ISTD),CE,,1,TRUE,TRUE,,,
CE 16:1,CE 18:1 d7 (ISTD),CE,,1,TRUE,TRUE,,,
CE 16:2,CE 18:1 d7 (ISTD),CE,,1,TRUE,TRUE,,,
CE 17:0,CE 18:1 d7 (ISTD),CE,,1,TRUE,TRUE,,,
CE 17:1,CE 18:1 d7 (ISTD),CE,,1,TRUE,TRUE,,,
CE 18:0,CE 18:1 d7 (ISTD),CE,,1,TRUE,TRUE,,,
CE 18:1,CE 18:1 d7 (ISTD),CE,,1,TRUE,TRUE,,,
CE 18:1 d7 (ISTD),CE 18:1 d7 (ISTD),CE,,1,TRUE,TRUE,,,
CE 18:2,CE 18:1 d7 (ISTD),CE,,1,TRUE,TRUE,,,
CE 18:3,CE 18:1 d7 (ISTD),CE,,1,TRUE,TRUE,,,
CE 20:1,CE 18:1 d7 (ISTD),CE,,1,TRUE,TRUE,,,
CE 20:2,CE 18:1 d7 (ISTD),CE,,1,TRUE,TRUE,,,
CE 20:3,CE 18:1 d7 (ISTD),CE,,1,TRUE,TRUE,,,
CE 20:4,CE 18:1 d7 (ISTD),CE,,1,TRUE,TRUE,,,
CE 20:5,CE 18:1 d7 (ISTD),CE,,1,TRUE,TRUE,,,
CE 22:0,CE 18:1 d7 (ISTD),CE,,1,TRUE,TRUE,,,
CE 22:1,CE 18:1 d7 (ISTD),CE,,1,TRUE,TRUE,,,
CE 22:4,CE 18:1 d7 (ISTD),CE,,1,TRUE,TRUE,,,
CE 22:5,CE 18:1 d7 (ISTD),CE,,1,TRUE,TRUE,,,
CE 22:6,CE 18:1 d7 (ISTD),CE,,1,TRUE,TRUE,,,
CE 24:0,CE 18:1 d7 (ISTD),CE,,1,TRUE,TRUE,,,
CE 24:1,CE 18:1 d7 (ISTD),CE,,1,TRUE,TRUE,,,
CE 24:4,CE 18:1 d7 (ISTD),CE,,1,TRUE,TRUE,,,
CE 24:5,CE 18:1 d7 (ISTD),CE,,1,TRUE,TRUE,,,
CE 24:6,CE 18:1 d7 (ISTD),CE,,1,TRUE,TRUE,,,
Cer d18:0/16:0,Cer d18:1/25:0 (ISTD),Cer 18:0;O2,,1,TRUE,TRUE,,,
Cer d18:0/18:0,Cer d18:1/25:0 (ISTD),Cer 18:0;O2,,1,TRUE,TRUE,,,
Cer d18:0/20:0,Cer d18:1/25:0 (ISTD),Cer 18:0;O2,,1,TRUE,TRUE,,,
Cer d18:0/22:0,Cer d18:1/25:0 (ISTD),Cer 18:0;O2,,1,TRUE,TRUE,,,
Cer d18:0/24:0,Cer d18:1/25:0 (ISTD),Cer 18:0;O2,,1,TRUE,TRUE,,,
Cer d18:0/24:1,Cer d18:1/25:0 (ISTD),Cer 18:0;O2,,1,TRUE,TRUE,,,
Cer d18:1/12:0 (ISTD),Cer d18:1/25:0 (ISTD),Cer 18:1;O2,,1,TRUE,TRUE,,,
Cer d18:1/12:0 (ISTD) [M-H20>264],Cer d18:1/12:0 (ISTD) [M-H20>264],Cer 18:1;O2,,1,FALSE,TRUE,,,
Cer d18:1/16:0,Cer d18:1/25:0 (ISTD),Cer 18:1;O2,,1,TRUE,TRUE,,,
Cer d18:1/17:0,Cer d18:1/25:0 (ISTD),Cer 18:1;O2,,1,TRUE,TRUE,,,
Cer d18:1/18:0,Cer d18:1/25:0 (ISTD),Cer 18:1;O2,,1,TRUE,TRUE,,,
Cer d18:1/20:0,Cer d18:1/25:0 (ISTD),Cer 18:1;O2,,1,TRUE,TRUE,,,
Cer d18:1/22:0,Cer d18:1/25:0 (ISTD),Cer 18:1;O2,,1,TRUE,TRUE,,,
Cer d18:1/24:0,Cer d18:1/25:0 (ISTD),Cer 18:1;O2,,1,TRUE,TRUE,,,
Cer d18:1/24:1,Cer d18:1/25:0 (ISTD),Cer 18:1;O2,,1,TRUE,TRUE,,,
Cer d18:1/25:0 (ISTD),Cer d18:1/25:0 (ISTD),Cer 18:1;O2,,1,TRUE,TRUE,,,
Cer d18:1/25:0 (ISTD) [M-H20>264],Cer d18:1/25:0 (ISTD) [M-H20>264],Cer 18:1;O2,,1,FALSE,TRUE,,,
Cer d18:1/26:0,Cer d18:1/25:0 (ISTD),Cer 18:1;O2,,1,TRUE,TRUE,,,
Cer d18:2/16:0,Cer d18:1/25:0 (ISTD),Cer 18:2;O2,,1,TRUE,TRUE,,,
Cer d18:2/22:0,Cer d18:1/25:0 (ISTD),Cer 18:2;O2,,1,TRUE,TRUE,,,
Cer d18:2/24:1,Cer d18:1/25:0 (ISTD),Cer 18:2;O2,,1,TRUE,TRUE,,,
COH [161],COH d7 [161] (ISTD),COH,,1,FALSE,TRUE,,,
COH [95],COH d7 [95] (ISTD),COH,,1,TRUE,TRUE,,,
COH d7 [161] (ISTD),COH d7 [161] (ISTD),COH,,1,FALSE,TRUE,,,
COH d7 [95] (ISTD),COH d7 [95] (ISTD),COH,,1,TRUE,TRUE,,,
DG 14:0_16:0 [-14:0],DG 15:0_18:1 d7 (ISTD) [-15:0],DG,,1,FALSE,TRUE,,,
DG 14:0_16:0 [-16:0],DG 15:0_18:1 d7 (ISTD) [-15:0],DG,,1,TRUE,TRUE,,,
DG 14:0_16:1 [-14:0],DG 15:0_18:1 d7 (ISTD) [-15:0],DG,,1,FALSE,TRUE,,,
DG 14:0_16:1 [-16:1],DG 15:0_18:1 d7 (ISTD) [-18:1],DG,,1,TRUE,TRUE,,,
DG 14:0_18:0 [-14:0],DG 15:0_18:1 d7 (ISTD) [-15:0],DG,,1,FALSE,TRUE,,,
DG 14:0_18:0 [-18:0],DG 15:0_18:1 d7 (ISTD) [-15:0],DG,,1,TRUE,TRUE,,,
DG 14:0_18:1 [-14:0],DG 15:0_18:1 d7 (ISTD) [-15:0],DG,,1,FALSE,TRUE,,,
DG 14:0_18:1 [-18:1],DG 15:0_18:1 d7 (ISTD) [-18:1],DG,,1,TRUE,TRUE,,,
DG 14:0_18:2 [-14:0],DG 15:0_18:1 d7 (ISTD) [-15:0],DG,,1,FALSE,TRUE,,,
DG 14:0_18:2 [-18:2],DG 15:0_18:1 d7 (ISTD) [-18:1],DG,,1,TRUE,TRUE,,,
DG 14:1_20:0 [-20:0],DG 15:0_18:1 d7 (ISTD) [-15:0],DG,,1,TRUE,TRUE,,,
DG 15:0_18:1 d7 (ISTD) [-15:0],DG 15:0_18:1 d7 (ISTD) [-15:0],DG,,1,TRUE,TRUE,,,
DG 15:0_18:1 d7 (ISTD) [-18:1],DG 15:0_18:1 d7 (ISTD) [-18:1],DG,,1,TRUE,TRUE,,,
DG 16:0_16:0 [-16:0],DG 15:0_18:1 d7 (ISTD) [-15:0],DG,,0.5,TRUE,TRUE,,,
DG 16:0_16:1 [-16:0],DG 15:0_18:1 d7 (ISTD) [-15:0],DG,,1,TRUE,TRUE,,,
DG 16:0_16:1 [-16:1],DG 15:0_18:1 d7 (ISTD) [-18:1],DG,,1,FALSE,TRUE,,,
DG 16:0_18:0 [-16:0],DG 15:0_18:1 d7 (ISTD) [-15:0],DG,,1,FALSE,TRUE,,,
DG 16:0_18:0 [-18:0],DG 15:0_18:1 d7 (ISTD) [-15:0],DG,,1,TRUE,TRUE,,,
DG 16:0_18:1 [-16:0],DG 15:0_18:1 d7 (ISTD) [-15:0],DG,,1,TRUE,TRUE,,,
DG 16:0_18:1 [-18:1],DG 15:0_18:1 d7 (ISTD) [-18:1],DG,,1,FALSE,TRUE,,,
DG 16:0_18:2 [-16:0],DG 15:0_18:1 d7 (ISTD) [-15:0],DG,,1,TRUE,TRUE,,,
DG 16:0_18:2 [-18:2],DG 15:0_18:1 d7 (ISTD) [-18:1],DG,,1,FALSE,TRUE,,,
DG 16:0_20:0 [-16:0],DG 15:0_18:1 d7 (ISTD) [-15:0],DG,,1,TRUE,TRUE,,,
DG 16:0_20:0 [-20:0],DG 15:0_18:1 d7 (ISTD) [-15:0],DG,,1,FALSE,TRUE,,,
DG 16:0_20:3 [-20:3],DG 15:0_18:1 d7 (ISTD) [-18:1],DG,,1,TRUE,TRUE,,,
DG 16:0_20:4 [-20:4],DG 15:0_18:1 d7 (ISTD) [-18:1],DG,,1,TRUE,TRUE,,,
DG 16:0_22:5 (a) [-22:5],DG 15:0_18:1 d7 (ISTD) [-18:1],DG,,1,TRUE,TRUE,,,
DG 16:0_22:5 (b) [-22:5],DG 15:0_18:1 d7 (ISTD) [-18:1],DG,,1,TRUE,TRUE,,,
DG 16:0_22:6 [-22:6],DG 15:0_18:1 d7 (ISTD) [-18:1],DG,,1,TRUE,TRUE,,,
DG 16:1_16:1 [-16:1],DG 15:0_18:1 d7 (ISTD) [-18:1],DG,,0.5,TRUE,TRUE,,,
DG 16:1_18:0 [-18:0],DG 15:0_18:1 d7 (ISTD) [-15:0],DG,,1,TRUE,TRUE,,,
DG 16:1_18:1 [-16:1],DG 15:0_18:1 d7 (ISTD) [-18:1],DG,,1,TRUE,TRUE,,,
DG 16:1_18:1 [-18:1],DG 15:0_18:1 d7 (ISTD) [-18:1],DG,,1,FALSE,TRUE,,,
DG 18:0_18:0 [-18:0],DG 15:0_18:1 d7 (ISTD) [-15:0],DG,,0.5,TRUE,TRUE,,,
DG 18:0_18:1 [-18:0],DG 15:0_18:1 d7 (ISTD) [-15:0],DG,,1,TRUE,TRUE,,,
DG 18:0_18:1 [-18:1],DG 15:0_18:1 d7 (ISTD) [-18:1],DG,,1,FALSE,TRUE,,,
DG 18:0_18:2 [-18:0],DG 15:0_18:1 d7 (ISTD) [-15:0],DG,,1,TRUE,TRUE,,,
DG 18:0_18:2 [-18:2],DG 15:0_18:1 d7 (ISTD) [-18:1],DG,,1,FALSE,TRUE,,,
DG 18:0_20:4 [-20:4],DG 15:0_18:1 d7 (ISTD) [-18:1],DG,,1,TRUE,TRUE,,,
DG 18:1_18:1 [-18:1],DG 15:0_18:1 d7 (ISTD) [-18:1],DG,,0.5,TRUE,TRUE,,,
DG 18:1_18:2 [-18:1],DG 15:0_18:1 d7 (ISTD) [-18:1],DG,,1,TRUE,TRUE,,,
DG 18:1_18:2 [-18:2],DG 15:0_18:1 d7 (ISTD) [-18:1],DG,,1,FALSE,TRUE,,,
DG 18:1_18:3 [-18:3],DG 15:0_18:1 d7 (ISTD) [-18:1],DG,,1,TRUE,TRUE,,,
DG 18:1_20:0 [-18:1],DG 15:0_18:1 d7 (ISTD) [-18:1],DG,,1,TRUE,TRUE,,,
DG 18:1_20:3 [-20:3],DG 15:0_18:1 d7 (ISTD) [-18:1],DG,,1,TRUE,TRUE,,,
DG 18:1_20:4 [-18:1],DG 15:0_18:1 d7 (ISTD) [-18:1],DG,,1,FALSE,TRUE,,,
DG 18:1_20:4 [-20:4],DG 15:0_18:1 d7 (ISTD) [-18:1],DG,,1,TRUE,TRUE,,,
DG 18:2_18:2 [-18:2],DG 15:0_18:1 d7 (ISTD) [-18:1],DG,,0.5,TRUE,TRUE,,,
DG 18:2_20:3 [-20:3],DG 15:0_18:1 d7 (ISTD) [-18:1],DG,,1,TRUE,TRUE,,,
DG 18:2_20:4 [-20:4],DG 15:0_18:1 d7 (ISTD) [-18:1],DG,,1,TRUE,TRUE,,,
GM3 d18:1/16:0 [264],Hex2Cer d18:1/12:0 (ISTD),GM3,,1,TRUE,TRUE,,,
GM3 d18:1/18:0 [264],Hex2Cer d18:1/12:0 (ISTD),GM3,,1,TRUE,TRUE,,,
GM3 d18:1/20:0 [264],Hex2Cer d18:1/12:0 (ISTD),GM3,,1,TRUE,TRUE,,,
GM3 d18:1/22:0 [264],Hex2Cer d18:1/12:0 (ISTD),GM3,,1,TRUE,TRUE,,,
GM3 d18:1/24:0 [264],Hex2Cer d18:1/12:0 (ISTD),GM3,,1,TRUE,TRUE,,,
GM3 d18:1/24:1 [264],Hex2Cer d18:1/12:0 (ISTD),GM3,,1,TRUE,TRUE,,,
Hex2Cer d18:1/12:0 (ISTD),Hex2Cer d18:1/12:0 (ISTD),Hex2Cer,,1,TRUE,TRUE,,,
Hex2Cer d18:1/12:0 (ISTD) [282],Hex2Cer d18:1/12:0 (ISTD) [282],Hex2Cer,,1,FALSE,TRUE,,,
Hex2Cer d18:1/12:0 (ISTD) [M-H20 > 264],Hex2Cer d18:1/12:0 (ISTD) [M-H20 > 264],Hex2Cer,,1,FALSE,TRUE,,,
Hex2Cer d18:1/16:0 [264],Hex2Cer d18:1/12:0 (ISTD),Hex2Cer,,1,TRUE,TRUE,,,
Hex2Cer d18:1/16:0 d3 (ISTD) [-HexAll],Hex2Cer d18:1/16:0 d3 (ISTD) [-HexAll],Hex2Cer,,1,FALSE,TRUE,,,
Hex2Cer d18:1/16:0 d3 (ISTD) [264],Hex2Cer d18:1/16:0 d3 (ISTD) [264],Hex2Cer,,1,TRUE,TRUE,,,
Hex2Cer d18:1/16:0 d3 (ISTD) [282],Hex2Cer d18:1/16:0 d3 (ISTD) [282],Hex2Cer,,1,FALSE,TRUE,,,
Hex2Cer d18:1/18:0 [264],Hex2Cer d18:1/12:0 (ISTD),Hex2Cer,,1,TRUE,TRUE,,,
Hex2Cer d18:1/20:0 [264],Hex2Cer d18:1/12:0 (ISTD),Hex2Cer,,1,TRUE,TRUE,,,
Hex2Cer d18:1/22:0 [264],Hex2Cer d18:1/12:0 (ISTD),Hex2Cer,,1,TRUE,TRUE,,,
Hex2Cer d18:1/24:0 [264],Hex2Cer d18:1/12:0 (ISTD),Hex2Cer,,1,TRUE,TRUE,,,
Hex2Cer d18:1/24:1 [264],Hex2Cer d18:1/12:0 (ISTD),Hex2Cer,,1,TRUE,TRUE,,,
Hex3Cer d18:1/16:0 [264],Hex2Cer d18:1/12:0 (ISTD),Hex3Cer,,1,TRUE,TRUE,,,
Hex3Cer d18:1/18:0 [264],Hex2Cer d18:1/12:0 (ISTD),Hex3Cer,,1,TRUE,TRUE,,,
Hex3Cer d18:1/18:0 d3 (ISTD) [-HexAll],Hex3Cer d18:1/18:0 d3 (ISTD) [-HexAll],Hex3Cer,,1,FALSE,TRUE,,,
Hex3Cer d18:1/18:0 d3 (ISTD) [264],Hex3Cer d18:1/18:0 d3 (ISTD) [264],Hex3Cer,,1,TRUE,TRUE,,,
Hex3Cer d18:1/18:0 d3 (ISTD) [282],Hex3Cer d18:1/18:0 d3 (ISTD) [282],Hex3Cer,,1,FALSE,TRUE,,,
Hex3Cer d18:1/20:0 [264],Hex2Cer d18:1/12:0 (ISTD),Hex3Cer,,1,TRUE,TRUE,,,
Hex3Cer d18:1/22:0 [264],Hex2Cer d18:1/12:0 (ISTD),Hex3Cer,,1,TRUE,TRUE,,,
Hex3Cer d18:1/24:0 [264],Hex2Cer d18:1/12:0 (ISTD),Hex3Cer,,1,TRUE,TRUE,,,
Hex3Cer d18:1/24:1 [264],Hex2Cer d18:1/12:0 (ISTD),Hex3Cer,,1,TRUE,TRUE,,,
HexCer d18:1/08:0 (ISTD) [264],HexCer d18:1/08:0 (ISTD) [264],HexCer,,1,TRUE,TRUE,,,
HexCer d18:1/12:0 (ISTD) [264],HexCer d18:1/12:0 (ISTD) [264],HexCer,,1,TRUE,TRUE,,,
HexCer d18:1/12:0 (ISTD) [282],HexCer d18:1/12:0 (ISTD) [282],HexCer,,1,FALSE,TRUE,,,
HexCer d18:1/12:0 (ISTD) [M-H2O > 264],HexCer d18:1/12:0 (ISTD) [M-H2O > 264],HexCer,,1,FALSE,TRUE,,,
HexCer d18:1/16:0 [264],Hex2Cer d18:1/12:0 (ISTD),HexCer,,1,TRUE,TRUE,,,
HexCer d18:1/16:0 d3 (ISTD),Hex2Cer d18:1/12:0 (ISTD),HexCer,,1,TRUE,TRUE,,,
HexCer d18:1/16:0 d3 (ISTD) [-HexAll],HexCer d18:1/16:0 d3 (ISTD) [-HexAll],HexCer,,1,FALSE,TRUE,,,
HexCer d18:1/16:0 d3 (ISTD) [264],HexCer d18:1/16:0 d3 (ISTD) [264],HexCer,,1,TRUE,TRUE,,,
HexCer d18:1/16:0 d3 (ISTD) [282],HexCer d18:1/16:0 d3 (ISTD) [282],HexCer,,1,FALSE,TRUE,,,
HexCer d18:1/18:0 [264],Hex2Cer d18:1/12:0 (ISTD),HexCer,,1,TRUE,TRUE,,,
HexCer d18:1/20:0 [264],Hex2Cer d18:1/12:0 (ISTD),HexCer,,1,TRUE,TRUE,,,
HexCer d18:1/22:0 [264],Hex2Cer d18:1/12:0 (ISTD),HexCer,,1,TRUE,TRUE,,,
HexCer d18:1/24:0 [264],Hex2Cer d18:1/12:0 (ISTD),HexCer,,1,TRUE,TRUE,,,
HexCer d18:1/24:1 [264],Hex2Cer d18:1/12:0 (ISTD),HexCer,,1,TRUE,TRUE,,,
LPC 14:0 (a),LPC 18:1 (ab ) d7 (ISTD),LPC,,1,TRUE,TRUE,,,
LPC 14:0 (b),LPC 18:1 (ab ) d7 (ISTD),LPC,,1,TRUE,TRUE,,,
LPC 15:0 (a),LPC 18:1 (ab ) d7 (ISTD),LPC,,1,TRUE,TRUE,,,
LPC 15:0 (b),LPC 18:1 (ab ) d7 (ISTD),LPC,,1,TRUE,TRUE,,,
LPC 16:0 (a),LPC 18:1 (ab ) d7 (ISTD),LPC,,1,TRUE,TRUE,,,
LPC 16:0 (b),LPC 18:1 (ab ) d7 (ISTD),LPC,,1,TRUE,TRUE,,,
LPC 16:1 (a),LPC 18:1 (ab ) d7 (ISTD),LPC,,1,TRUE,TRUE,,,
LPC 16:1 (b),LPC 18:1 (ab ) d7 (ISTD),LPC,,1,TRUE,TRUE,,,
LPC 17:0 (a),LPC 18:1 (ab ) d7 (ISTD),LPC,,1,TRUE,TRUE,,,
LPC 17:0 (b),LPC 18:1 (ab ) d7 (ISTD),LPC,,1,TRUE,TRUE,,,
LPC 17:1 (a),LPC 18:1 (ab ) d7 (ISTD),LPC,,1,TRUE,TRUE,,,
LPC 17:1 (b),LPC 18:1 (ab ) d7 (ISTD),LPC,,1,TRUE,TRUE,,,
LPC 17:1 (c),LPC 18:1 (ab ) d7 (ISTD),LPC,,1,TRUE,TRUE,,,
LPC 18:0 (a),LPC 18:1 (ab ) d7 (ISTD),LPC,,1,TRUE,TRUE,,,
LPC 18:0 (b),LPC 18:1 (ab ) d7 (ISTD),LPC,,1,TRUE,TRUE,,,
LPC 18:1 (ab ) d7 (ISTD),LPC 18:1 (ab ) d7 (ISTD),LPC,,1,TRUE,TRUE,,,
LPC 18:1 (a ) d7 (ISTD),LPC 18:1 (a ) d7 (ISTD),LPC,,1,FALSE,TRUE,,,
LPC 18:1 (a),LPC 18:1 (ab ) d7 (ISTD),LPC,,1,TRUE,TRUE,,,
LPC 18:1 (b),LPC 18:1 (ab ) d7 (ISTD),LPC,,1,TRUE,TRUE,,,
LPC 18:1 (b) d7 (ISTD),LPC 18:1 (b) d7 (ISTD),LPC,,1,FALSE,TRUE,,,
LPC 18:2 (a),LPC 18:1 (ab ) d7 (ISTD),LPC,,1,TRUE,TRUE,,,
LPC 18:2 (b),LPC 18:1 (ab ) d7 (ISTD),LPC,,1,TRUE,TRUE,,,
LPC 18:3 (a),LPC 18:1 (ab ) d7 (ISTD),LPC,,1,TRUE,TRUE,,,
LPC 18:3 (b),LPC 18:1 (ab ) d7 (ISTD),LPC,,1,TRUE,TRUE,,,
LPC 20:0 (a),LPC 18:1 (ab ) d7 (ISTD),LPC,,1,TRUE,TRUE,,,
LPC 20:0 (b),LPC 18:1 (ab ) d7 (ISTD),LPC,,1,TRUE,TRUE,,,
LPC 20:1 (a),LPC 18:1 (ab ) d7 (ISTD),LPC,,1,TRUE,TRUE,,,
LPC 20:1 (b),LPC 18:1 (ab ) d7 (ISTD),LPC,,1,TRUE,TRUE,,,
LPC 20:2 (a),LPC 18:1 (ab ) d7 (ISTD),LPC,,1,TRUE,TRUE,,,
LPC 20:2 (b),LPC 18:1 (ab ) d7 (ISTD),LPC,,1,TRUE,TRUE,,,
LPC 20:3 (a),LPC 18:1 (ab ) d7 (ISTD),LPC,,1,TRUE,TRUE,,,
LPC 20:3 (b),LPC 18:1 (ab ) d7 (ISTD),LPC,,1,TRUE,TRUE,,,
LPC 20:4 (a),LPC 18:1 (ab ) d7 (ISTD),LPC,,1,TRUE,TRUE,,,
LPC 20:4 (b),LPC 18:1 (ab ) d7 (ISTD),LPC,,1,TRUE,TRUE,,,
LPC 20:5 (a),LPC 18:1 (ab ) d7 (ISTD),LPC,,1,TRUE,TRUE,,,
LPC 20:5 (b),LPC 18:1 (ab ) d7 (ISTD),LPC,,1,TRUE,TRUE,,,
LPC 22:0 (a),LPC 18:1 (ab ) d7 (ISTD),LPC,,1,TRUE,TRUE,,,
LPC 22:0 (b),LPC 18:1 (ab ) d7 (ISTD),LPC,,1,TRUE,TRUE,,,
LPC 22:1 (a),LPC 18:1 (ab ) d7 (ISTD),LPC,,1,TRUE,TRUE,,,
LPC 22:1 (b),LPC 18:1 (ab ) d7 (ISTD),LPC,,1,TRUE,TRUE,,,
LPC 22:5 (a),LPC 18:1 (ab ) d7 (ISTD),LPC,,1,TRUE,TRUE,,,
LPC 22:5 (b),LPC 18:1 (ab ) d7 (ISTD),LPC,,1,TRUE,TRUE,,,
LPC 22:6 (a),LPC 18:1 (ab ) d7 (ISTD),LPC,,1,TRUE,TRUE,,,
LPC 22:6 (b),LPC 18:1 (ab ) d7 (ISTD),LPC,,1,TRUE,TRUE,,,
LPC 24:0 (a),LPC 18:1 (ab ) d7 (ISTD),LPC,,1,TRUE,TRUE,,,
LPC 24:0 (b),LPC 18:1 (ab ) d7 (ISTD),LPC,,1,TRUE,TRUE,,,
LPC 26:0 (a),LPC 18:1 (ab ) d7 (ISTD),LPC,,1,TRUE,TRUE,,,
LPC 26:0 (b),LPC 18:1 (ab ) d7 (ISTD),LPC,,1,TRUE,TRUE,,,
LPC O-16:0,LPC 18:1 (ab ) d7 (ISTD),LPC-O,,1,TRUE,TRUE,,,
LPC O-18:0,LPC 18:1 (ab ) d7 (ISTD),LPC-O,,1,TRUE,TRUE,,,
LPC O-18:1,LPC 18:1 (ab ) d7 (ISTD),LPC-O,,1,TRUE,TRUE,,,
LPC O-20:0,LPC 18:1 (ab ) d7 (ISTD),LPC-O,,1,TRUE,TRUE,,,
LPC O-22:0,LPC 18:1 (ab ) d7 (ISTD),LPC-O,,1,TRUE,TRUE,,,
LPC O-22:1,LPC 18:1 (ab ) d7 (ISTD),LPC-O,,1,TRUE,TRUE,,,
LPC O-24:0,LPC 18:1 (ab ) d7 (ISTD),LPC-O,,1,TRUE,TRUE,,,
LPC O-24:1,LPC 18:1 (ab ) d7 (ISTD),LPC-O,,1,TRUE,TRUE,,,
LPC O-24:2,LPC 18:1 (ab ) d7 (ISTD),LPC-O,,1,TRUE,TRUE,,,
LPC P-18:0,LPC 18:1 (ab ) d7 (ISTD),LPC-O,,1,TRUE,TRUE,,,
LPC P-24:1,LPC 18:1 (ab ) d7 (ISTD),LPC-O,,1,TRUE,TRUE,,,
LPE 14:0 (ISTD),LPE 14:0 (ISTD),LPE,,1,TRUE,TRUE,,,
LPE 16:0 (a),LPE 18:1 d7 (ab) (ISTD),LPE,,1,TRUE,TRUE,,,
LPE 16:0 (b),LPE 18:1 d7 (ab) (ISTD),LPE,,1,TRUE,TRUE,,,
LPE 18:0 (a),LPE 18:1 d7 (ab) (ISTD),LPE,,1,TRUE,TRUE,,,
LPE 18:0 (b),LPE 18:1 d7 (ab) (ISTD),LPE,,1,TRUE,TRUE,,,
LPE 18:1 (a),LPE 18:1 d7 (ab) (ISTD),LPE,,1,TRUE,TRUE,,,
LPE 18:1 (b),LPE 18:1 d7 (ab) (ISTD),LPE,,1,TRUE,TRUE,,,
LPE 18:1 d7 (ab) (ISTD),LPE 18:1 d7 (ab) (ISTD),LPE,,1,TRUE,TRUE,,,
LPE 18:1 d7 (a) (ISTD),LPE 18:1 d7 (a) (ISTD),LPE,,1,FALSE,TRUE,,,
LPE 18:1 d7 (b) (ISTD),LPE 18:1 d7 (b) (ISTD),LPE,,1,FALSE,TRUE,,,
LPE 18:2 (a),LPE 18:1 d7 (ab) (ISTD),LPE,,1,TRUE,TRUE,,,
LPE 18:2 (b),LPE 18:1 d7 (ab) (ISTD),LPE,,1,TRUE,TRUE,,,
LPE 20:4 (a),LPE 18:1 d7 (ab) (ISTD),LPE,,1,TRUE,TRUE,,,
LPE 20:4 (b),LPE 18:1 d7 (ab) (ISTD),LPE,,1,TRUE,TRUE,,,
LPE 22:6 (a),LPE 18:1 d7 (ab) (ISTD),LPE,,1,TRUE,TRUE,,,
LPE 22:6 (b),LPE 18:1 d7 (ab) (ISTD),LPE,,1,TRUE,TRUE,,,
LPI 18:0,LPE 18:1 d7 (ab) (ISTD),LPI,,1,TRUE,TRUE,,,
LPI 18:1,LPE 18:1 d7 (ab) (ISTD),LPI,,1,TRUE,TRUE,,,
LPI 18:2,LPE 18:1 d7 (ab) (ISTD),LPI,,1,TRUE,TRUE,,,
LPI 20:4 (a),LPE 18:1 d7 (ab) (ISTD),LPI,,1,TRUE,TRUE,,,
LPI 20:4 (b),LPE 18:1 d7 (ab) (ISTD),LPI,,1,TRUE,TRUE,,,
PC 28:0|SM 32:1 M+3,PC 33:1 d7 (ISTD),PC,,1,TRUE,TRUE,SM 32:1,0.00774513,
PC 29:0|SM 33:1 M+3,PC 33:1 d7 (ISTD),PC,,1,TRUE,TRUE,SM 33:1,0.00841983,
PC 30:0 (a),PC 33:1 d7 (ISTD),PC,,1,TRUE,TRUE,SM 34:1,0.0091351,
PC 30:0 (b),PC 33:1 d7 (ISTD),PC,,1,TRUE,TRUE,,,
PC 31:1,PC 33:1 d7 (ISTD),PC,,1,TRUE,TRUE,,,
PC 32:0,PC 33:1 d7 (ISTD),PC,,1,TRUE,TRUE,SM 36:1,0.01069244,
PC 32:1,PC 33:1 d7 (ISTD),PC,,1,TRUE,TRUE,,,
PC 32:2,PC 33:1 d7 (ISTD),PC,,1,TRUE,TRUE,,,
PC 32:3 (a),PC 33:1 d7 (ISTD),PC,,1,TRUE,TRUE,,,
PC 33:0 (a),PC 33:1 d7 (ISTD),PC,,1,TRUE,TRUE,,,
PC 33:0 (b),PC 33:1 d7 (ISTD),PC,,1,TRUE,TRUE,,,
PC 33:1,PC 33:1 d7 (ISTD),PC,,1,TRUE,TRUE,,,
PC 33:1 d7 (ISTD),PC 33:1 d7 (ISTD),PC,,1,TRUE,TRUE,,,
PC 33:2,PC 33:1 d7 (ISTD),PC,,1,TRUE,TRUE,,,
PC 34:0,PC 33:1 d7 (ISTD),PC,,1,TRUE,TRUE,SM 38:1,0.01242727,
PC 34:1,PC 33:1 d7 (ISTD),PC,,1,TRUE,TRUE,,,
PC 34:2,PC 33:1 d7 (ISTD),PC,,1,TRUE,TRUE,,,
PC 34:3,PC 33:1 d7 (ISTD),PC,,1,TRUE,TRUE,,,
PC 34:4,PC 33:1 d7 (ISTD),PC,,1,TRUE,TRUE,,,
PC 34:5,PC 33:1 d7 (ISTD),PC,,1,TRUE,TRUE,,,
PC 35:1,PC 33:1 d7 (ISTD),PC,,1,TRUE,TRUE,,,
PC 35:2,PC 33:1 d7 (ISTD),PC,,1,TRUE,TRUE,,,
PC 35:3,PC 33:1 d7 (ISTD),PC,,1,TRUE,TRUE,,,
PC 36:1,PC 33:1 d7 (ISTD),PC,,1,TRUE,TRUE,,,
PC 36:2,PC 33:1 d7 (ISTD),PC,,1,TRUE,TRUE,,,
PC 36:3,PC 33:1 d7 (ISTD),PC,,1,TRUE,TRUE,,,
PC 36:4 (a)|PC 36:5 M+2,PC 33:1 d7 (ISTD),PC,,1,TRUE,TRUE,PC 36:5,0.098336744,
PC 36:4 (b),PC 33:1 d7 (ISTD),PC,,1,TRUE,TRUE,,,
PC 36:5,PC 33:1 d7 (ISTD),PC,,1,TRUE,TRUE,,,
PC 36:6,PC 33:1 d7 (ISTD),PC,,1,TRUE,TRUE,,,
PC 38:2,PC 33:1 d7 (ISTD),PC,,1,TRUE,TRUE,,,
PC 38:3 (a),PC 33:1 d7 (ISTD),PC,,1,TRUE,TRUE,,,
PC 38:3 (b),PC 33:1 d7 (ISTD),PC,,1,TRUE,TRUE,,,
PC 38:4 (a)|PC 38:5 (b) M+2,PC 33:1 d7 (ISTD),PC,,1,TRUE,TRUE,PC 38:5 (b),0.107957461,
PC 38:4 (b),PC 33:1 d7 (ISTD),PC,,1,TRUE,TRUE,,,
PC 38:5 (a),PC 33:1 d7 (ISTD),PC,,1,TRUE,TRUE,,,
PC 38:5 (b),PC 33:1 d7 (ISTD),PC,,1,TRUE,TRUE,,,
PC 38:6 (a),PC 33:1 d7 (ISTD),PC,,1,TRUE,TRUE,,,
PC 38:6 (b),PC 33:1 d7 (ISTD),PC,,1,TRUE,TRUE,,,
PC 38:7,PC 33:1 d7 (ISTD),PC,,1,TRUE,TRUE,,,
PC 40:4,PC 33:1 d7 (ISTD),PC,,1,TRUE,TRUE,,,
PC 40:5 (a),PC 33:1 d7 (ISTD),PC,,1,TRUE,TRUE,,,
PC 40:5 (b),PC 33:1 d7 (ISTD),PC,,1,TRUE,TRUE,,,
PC 40:6,PC 33:1 d7 (ISTD),PC,,1,TRUE,TRUE,,,
PC 40:7,PC 33:1 d7 (ISTD),PC,,1,TRUE,TRUE,,,
PC 40:8,PC 33:1 d7 (ISTD),PC,,1,TRUE,TRUE,,,
PC O-32:0,PC 33:1 d7 (ISTD),PC-O,,1,TRUE,TRUE,,,
PC O-32:1,PC 33:1 d7 (ISTD),PC-O,,1,TRUE,TRUE,,,
PC O-32:2,PC 33:1 d7 (ISTD),PC-O,,1,TRUE,TRUE,,,
PC O-34:1,PC 33:1 d7 (ISTD),PC-O,,1,TRUE,TRUE,,,
PC O-34:2,PC 33:1 d7 (ISTD),PC-O,,1,TRUE,TRUE,,,
PC O-34:4,PC 33:1 d7 (ISTD),PC-O,,1,TRUE,TRUE,,,
PC O-36:1,PC 33:1 d7 (ISTD),PC-O,,1,TRUE,TRUE,,,
PC O-36:2,PC 33:1 d7 (ISTD),PC-O,,1,TRUE,TRUE,,,
PC O-36:3,PC 33:1 d7 (ISTD),PC-O,,1,TRUE,TRUE,,,
PC O-36:4,PC 33:1 d7 (ISTD),PC-O,,1,TRUE,TRUE,,,
PC O-38:4,PC 33:1 d7 (ISTD),PC-O,,1,TRUE,TRUE,,,
PC O-38:5,PC 33:1 d7 (ISTD),PC-O,,1,TRUE,TRUE,,,
PC O-40:5,PC 33:1 d7 (ISTD),PC-O,,1,TRUE,TRUE,,,
PC O-40:6,PC 33:1 d7 (ISTD),PC-O,,1,TRUE,TRUE,,,
PC O-40:7,PC 33:1 d7 (ISTD),PC-O,,1,TRUE,TRUE,,,
PC P-32:0,PC 33:1 d7 (ISTD),PC-P,,1,TRUE,TRUE,,,
PC P-32:1,PC 33:1 d7 (ISTD),PC-P,,1,TRUE,TRUE,,,
PC P-34:1,PC 33:1 d7 (ISTD),PC-P,,1,TRUE,TRUE,,,
PC P-34:2,PC 33:1 d7 (ISTD),PC-P,,1,TRUE,TRUE,,,
PC P-36:2,PC 33:1 d7 (ISTD),PC-P,,1,TRUE,TRUE,,,
PC P-36:4,PC 33:1 d7 (ISTD),PC-P,,1,TRUE,TRUE,,,
PC P-36:5,PE 33:1 d7 (ISTD),PC-P,,1,TRUE,TRUE,,,
PC P-38:4,PC 33:1 d7 (ISTD),PC-P,,1,TRUE,TRUE,,,
PC P-38:5,PC 33:1 d7 (ISTD),PC-P,,1,TRUE,TRUE,,,
PC P-38:6,PC 33:1 d7 (ISTD),PC-P,,1,TRUE,TRUE,,,
PC P-40:6,PC 33:1 d7 (ISTD),PC-P,,1,TRUE,TRUE,,,
PE 28:0,PE 33:1 d7 (ISTD),PE,,1,TRUE,TRUE,,,
PE 32:0,PE 33:1 d7 (ISTD),PE,,1,TRUE,TRUE,,,
PE 32:1,PE 33:1 d7 (ISTD),PE,,1,TRUE,TRUE,,,
PE 33:1 d7 (ISTD),PE 33:1 d7 (ISTD),PE,,1,TRUE,TRUE,,,
PE 34:1,PE 33:1 d7 (ISTD),PE,,1,TRUE,TRUE,,,
PE 34:2,PE 33:1 d7 (ISTD),PE,,1,TRUE,TRUE,,,
PE 34:3,PE 33:1 d7 (ISTD),PE,,1,TRUE,TRUE,,,
PE 36:1,PE 33:1 d7 (ISTD),PE,,1,TRUE,TRUE,,,
PE 36:2,PE 33:1 d7 (ISTD),PE,,1,TRUE,TRUE,,,
PE 36:3|PE 36:4 M+2,PE 33:1 d7 (ISTD),PE,,1,TRUE,TRUE,PE 36:4,0.098481112,
PE 36:4,PE 33:1 d7 (ISTD),PE,,1,TRUE,TRUE,,,
PE 36:5,PE 33:1 d7 (ISTD),PE,,1,TRUE,TRUE,,,
PE 38:4,PE 33:1 d7 (ISTD),PE,,1,TRUE,TRUE,,,
PE 38:5,PE 33:1 d7 (ISTD),PE,,1,TRUE,TRUE,,,
PE 38:6,PE 33:1 d7 (ISTD),PE,,1,TRUE,TRUE,,,
PE 40:4,PE 33:1 d7 (ISTD),PE,,1,TRUE,TRUE,,,
PE 40:5 (a),PE 33:1 d7 (ISTD),PE,,1,TRUE,TRUE,,,
PE 40:5 (b),PE 33:1 d7 (ISTD),PE,,1,TRUE,TRUE,,,
PE 40:6,PE 33:1 d7 (ISTD),PE,,1,TRUE,TRUE,,,
PE 40:7,PE 33:1 d7 (ISTD),PE,,1,TRUE,TRUE,,,
PE O-34:1,PE 33:1 d7 (ISTD),PE-O,,1,TRUE,TRUE,,,
PE O-34:2,PE 33:1 d7 (ISTD),PE-O,,1,TRUE,TRUE,,,
PE O-36:2,PE 33:1 d7 (ISTD),PE-O,,1,TRUE,TRUE,,,
PE O-36:3,PE 33:1 d7 (ISTD),PE-O,,1,TRUE,TRUE,,,
PE O-36:4,PE 33:1 d7 (ISTD),PE-O,,1,TRUE,TRUE,,,
PE O-36:5,PE 33:1 d7 (ISTD),PE-O,,1,TRUE,TRUE,,,
PE O-36:6,PE 33:1 d7 (ISTD),PE-O,,1,TRUE,TRUE,,,
PE O-38:4,PE 33:1 d7 (ISTD),PE-O,,1,TRUE,TRUE,,,
PE O-38:5,PE 33:1 d7 (ISTD),PE-O,,1,TRUE,TRUE,,,
PE O-40:5,PE 33:1 d7 (ISTD),PE-O,,1,TRUE,TRUE,,,
PE O-40:6,PE 33:1 d7 (ISTD),PE-O,,1,TRUE,TRUE,,,
PE O-40:7,PE 33:1 d7 (ISTD),PE-O,,1,TRUE,TRUE,,,
PE P-16:0/18:1 [-FA-HG],PE 33:1 d7 (ISTD),PE-P,,1,TRUE,TRUE,,,
PE P-16:0/18:1 [-FA],PE 33:1 d7 (ISTD),PE-P,,1,FALSE,TRUE,,,
PE P-16:0/18:2 [-FA-HG],PE 33:1 d7 (ISTD),PE-P,,1,TRUE,TRUE,,,
PE P-16:0/18:2 [-FA],PE 33:1 d7 (ISTD),PE-P,,1,FALSE,TRUE,,,
PE P-16:0/20:4 [-FA-HG],PE 33:1 d7 (ISTD),PE-P,,1,TRUE,TRUE,,,
PE P-16:0/20:4 [-FA],PE 33:1 d7 (ISTD),PE-P,,1,FALSE,TRUE,,,
PE P-16:0/22:5 (a) [-FA-HG],PE 33:1 d7 (ISTD),PE-P,,1,TRUE,TRUE,,,
PE P-16:0/22:5 (a) [-FA],PE 33:1 d7 (ISTD),PE-P,,1,FALSE,TRUE,,,
PE P-16:0/22:5 (b) [-FA-HG],PE 33:1 d7 (ISTD),PE-P,,1,TRUE,TRUE,,,
PE P-16:0/22:5 (b) [-FA],PE 33:1 d7 (ISTD),PE-P,,1,FALSE,TRUE,,,
PE P-16:0/22:6 [-FA-HG],PE 33:1 d7 (ISTD),PE-P,,1,TRUE,TRUE,,,
PE P-16:0/22:6 [-FA],PE 33:1 d7 (ISTD),PE-P,,1,FALSE,TRUE,,,
PE P-18:0/18:1 [-FA-HG],PE 33:1 d7 (ISTD),PE-P,,1,TRUE,TRUE,,,
PE P-18:0/18:1 [-FA],PE 33:1 d7 (ISTD),PE-P,,1,FALSE,TRUE,,,
PE P-18:0/18:2 [-FA-HG],PE 33:1 d7 (ISTD),PE-P,,1,TRUE,TRUE,,,
PE P-18:0/18:2 [-FA],PE 33:1 d7 (ISTD),PE-P,,1,FALSE,TRUE,,,
PE P-18:0/20:4 [-FA-HG],PE 33:1 d7 (ISTD),PE-P,,1,TRUE,TRUE,,,
PE P-18:0/20:4 [-FA],PE 33:1 d7 (ISTD),PE-P,,1,FALSE,TRUE,,,
PE P-18:0/22:5 (a) [-FA-HG],PE 33:1 d7 (ISTD),PE-P,,1,TRUE,TRUE,,,
PE P-18:0/22:5 (a) [-FA],PE 33:1 d7 (ISTD),PE-P,,1,FALSE,TRUE,,,
PE P-18:0/22:5 (b) [-FA-HG],PE 33:1 d7 (ISTD),PE-P,,1,TRUE,TRUE,,,
PE P-18:0/22:5 (b) [-FA],PE 33:1 d7 (ISTD),PE-P,,1,FALSE,TRUE,,,
PE P-18:0/22:6 [-FA-HG],PE 33:1 d7 (ISTD),PE-P,,1,TRUE,TRUE,,,
PE P-18:0/22:6 [-FA],PE 33:1 d7 (ISTD),PE-P,,1,FALSE,TRUE,,,
PE P-20:0/20:4 [-FA-HG],PE 33:1 d7 (ISTD),PE-P,,1,TRUE,TRUE,,,
PE P-20:0/20:4 [-FA],PE 33:1 d7 (ISTD),PE-P,,1,FALSE,TRUE,,,
PE P-34:1 [141],PE 33:1 d7 (ISTD),PE-P,,1,FALSE,TRUE,,,
PE P-36:1 [141],PE 33:1 d7 (ISTD),PE-P,,1,FALSE,TRUE,,,
PE P-36:2 [141],PE 33:1 d7 (ISTD),PE-P,,1,FALSE,TRUE,,,
PE P-36:4 [141],PE 33:1 d7 (ISTD),PE-P,,1,FALSE,TRUE,,,
PE P-38:4 [141],PE 33:1 d7 (ISTD),PE-P,,1,FALSE,TRUE,,,
PE P-40:4 [141],PE 33:1 d7 (ISTD),PE-P,,1,FALSE,TRUE,,,
PE P-40:5 [141],PE 33:1 d7 (ISTD),PE-P,,1,FALSE,TRUE,,,
PE P-40:6 [141],PE 33:1 d7 (ISTD),PE-P,,1,FALSE,TRUE,,,
PG 33:1 d7 (ISTD),PG 33:1 d7 (ISTD),PG,,1,TRUE,TRUE,,,
PG 34:1,PG 33:1 d7 (ISTD),PG,,1,TRUE,TRUE,,,
PG 36:1,PG 33:1 d7 (ISTD),PG,,1,TRUE,TRUE,,,
PG 36:2,PG 33:1 d7 (ISTD),PG,,1,TRUE,TRUE,,,
PI 32:0,PI 33:1 d7 (ISTD),PI,,1,TRUE,TRUE,,,
PI 32:1,PI 33:1 d7 (ISTD),PI,,1,TRUE,TRUE,,,
PI 33:1 d7 (ISTD),PI 33:1 d7 (ISTD),PI,,1,TRUE,TRUE,,,
PI 34:0,PI 33:1 d7 (ISTD),PI,,1,TRUE,TRUE,,,
PI 34:1,PI 33:1 d7 (ISTD),PI,,1,TRUE,TRUE,,,
PI 34:2,PI 33:1 d7 (ISTD),PI,,1,TRUE,TRUE,,,
PI 36:1,PI 33:1 d7 (ISTD),PI,,1,TRUE,TRUE,,,
PI 36:2,PI 33:1 d7 (ISTD),PI,,1,TRUE,TRUE,,,
PI 36:3 | PI 36:4 M+2,PI 33:1 d7 (ISTD),PI,,1,TRUE,TRUE,PI 36:4,0.098481112,
PI 36:4,PI 33:1 d7 (ISTD),PI,,1,TRUE,TRUE,,,
PI 38:2,PI 33:1 d7 (ISTD),PI,,1,TRUE,TRUE,,,
PI 38:3,PI 33:1 d7 (ISTD),PI,,1,TRUE,TRUE,,,
PI 38:4,PI 33:1 d7 (ISTD),PI,,1,TRUE,TRUE,,,
PI 38:5,PI 33:1 d7 (ISTD),PI,,1,TRUE,TRUE,,,
PI 38:6,PI 33:1 d7 (ISTD),PI,,1,TRUE,TRUE,,,
PI 40:4,PI 33:1 d7 (ISTD),PI,,1,TRUE,TRUE,,,
PI 40:5 (a),PI 33:1 d7 (ISTD),PI,,1,TRUE,TRUE,,,
PI 40:5 (b),PI 33:1 d7 (ISTD),PI,,1,TRUE,TRUE,,,
PI 40:6,PI 33:1 d7 (ISTD),PI,,1,TRUE,TRUE,,,
PS 33:1 d7 (ISTD),PS 33:1 d7 (ISTD),PS,,1,TRUE,TRUE,,,
PS 34:1,PS 33:1 d7 (ISTD),PS,,1,TRUE,TRUE,,,
PS 34:2,PS 33:1 d7 (ISTD),PS,,1,TRUE,TRUE,,,
PS 36:1,PS 33:1 d7 (ISTD),PS,,1,TRUE,TRUE,,,
PS 36:2,PS 33:1 d7 (ISTD),PS,,1,TRUE,TRUE,,,
PS 38:3,PS 33:1 d7 (ISTD),PS,,1,TRUE,TRUE,,,
PS 38:4,PS 33:1 d7 (ISTD),PS,,1,TRUE,TRUE,,,
PS 38:5,PS 33:1 d7 (ISTD),PS,,1,TRUE,TRUE,,,
PS 40:5,PS 33:1 d7 (ISTD),PS,,1,TRUE,TRUE,,,
PS 40:6,PS 33:1 d7 (ISTD),PS,,1,TRUE,TRUE,,,
SM 30:1 (ISTD),SM 30:1 (ISTD),SM,,1,TRUE,TRUE,,,
SM 31:1,SM 36:2 d9 (ISTD),SM,,1,TRUE,TRUE,,,
SM 32:0,SM 36:2 d9 (ISTD),SM,,1,TRUE,TRUE,,,
SM 32:1,SM 36:2 d9 (ISTD),SM,,1,TRUE,TRUE,,,
SM 32:2,SM 36:2 d9 (ISTD),SM,,1,TRUE,TRUE,,,
SM 33:1,SM 36:2 d9 (ISTD),SM,,1,TRUE,TRUE,,,
SM 34:0,SM 36:2 d9 (ISTD),SM,,1,TRUE,TRUE,,,
SM 34:1,SM 36:2 d9 (ISTD),SM,,1,TRUE,TRUE,,,
SM 34:2,SM 36:2 d9 (ISTD),SM,,1,TRUE,TRUE,,,
SM 34:3 ,SM 36:2 d9 (ISTD),SM,,1,TRUE,TRUE,,,
SM 35:1|PC P-32:1 M+1,SM 36:2 d9 (ISTD),SM,,1,TRUE,TRUE,PC P-32:1,0.010674638,
SM 35:2,SM 36:2 d9 (ISTD),SM,,1,TRUE,TRUE,,,
SM 36:1,SM 36:2 d9 (ISTD),SM,,1,TRUE,TRUE,,,
SM 36:2,SM 36:2 d9 (ISTD),SM,,1,TRUE,TRUE,,,
SM 36:2 d9 (ISTD),SM 36:2 d9 (ISTD),SM,,1,TRUE,TRUE,,,
SM 36:3,SM 36:2 d9 (ISTD),SM,,1,TRUE,TRUE,,,
SM 38:1,SM 36:2 d9 (ISTD),SM,,1,TRUE,TRUE,,,
SM 38:2,SM 36:2 d9 (ISTD),SM,,1,TRUE,TRUE,,,
SM 38:3|PC 33:1 d7 M+2,SM 36:2 d9 (ISTD),SM,,1,TRUE,TRUE,PC 33:1 d7 (ISTD),0.084857429,
SM 39:1,SM 36:2 d9 (ISTD),SM,,1,TRUE,TRUE,,,
SM 40:1,SM 36:2 d9 (ISTD),SM,,1,TRUE,TRUE,,,
SM 40:2,SM 36:2 d9 (ISTD),SM,,1,TRUE,TRUE,,,
SM 40:3 (a),SM 36:2 d9 (ISTD),SM,,1,TRUE,TRUE,,,
SM 40:3 (b),SM 36:2 d9 (ISTD),SM,,1,TRUE,TRUE,,,
SM 41:1 (a),SM 36:2 d9 (ISTD),SM,,1,TRUE,TRUE,,,
SM 41:1 (b),SM 36:2 d9 (ISTD),SM,,1,TRUE,TRUE,,,
SM 42:1,SM 36:2 d9 (ISTD),SM,,1,TRUE,TRUE,,,
SM 42:2,SM 36:2 d9 (ISTD),SM,,1,TRUE,TRUE,,,
SM 42:3,SM 36:2 d9 (ISTD),SM,,1,TRUE,TRUE,,,
SM 43:1,SM 36:2 d9 (ISTD),SM,,1,TRUE,TRUE,,,
SM 44:1,SM 36:2 d9 (ISTD),SM,,1,TRUE,TRUE,,,
SM 44:2 M+2,SM 36:2 d9 (ISTD),SM,,1,TRUE,TRUE,,,
TG 48:0 [-16:0],TG 48:1 d7 (ISTD) [-15:0] ,TG,,1,TRUE,TRUE,,,
TG 48:0 [SIM],TG 48:1 d7 (ISTD) [SIM],TG,,1,TRUE,TRUE,,,
TG 48:0 d5 (ISTD) [-16:0],TG 48:0 d5 (ISTD) [-16:0],TG,,1,TRUE,TRUE,,,
TG 48:0 d5 (ISTD) [SIM],TG 48:0 d5 (ISTD) [SIM],TG,,1,TRUE,TRUE,,,
TG 48:1 [-18:1],TG 48:1 d7 (ISTD) [-15:0] ,TG,,1,TRUE,TRUE,,,
TG 48:1 [SIM],TG 48:1 d7 (ISTD) [SIM],TG,,1,TRUE,TRUE,,,
TG 48:1 d7 (ISTD) [-15:0] ,TG 48:1 d7 (ISTD) [-15:0] ,TG,,1,TRUE,TRUE,,,
TG 48:1 d7 (ISTD) [SIM],TG 48:1 d7 (ISTD) [SIM],TG,,1,TRUE,TRUE,,,
TG 48:2 [-14:1],TG 48:1 d7 (ISTD) [-15:0] ,TG,,1,TRUE,TRUE,,,
TG 48:2 [-16:0],TG 48:1 d7 (ISTD) [-15:0] ,TG,,1,TRUE,TRUE,,,
TG 48:2 [-16:1],TG 48:1 d7 (ISTD) [-15:0] ,TG,,1,TRUE,TRUE,,,
TG 48:2 [-18:1],TG 48:1 d7 (ISTD) [-15:0] ,TG,,1,TRUE,TRUE,,,
TG 48:2 [SIM],TG 48:1 d7 (ISTD) [SIM],TG,,1,TRUE,TRUE,,,
TG 48:3 [-16:1],TG 48:1 d7 (ISTD) [-15:0] ,TG,,1,TRUE,TRUE,,,
TG 48:3 [-18:2],TG 48:1 d7 (ISTD) [-15:0] ,TG,,1,TRUE,TRUE,,,
TG 48:3 [SIM],TG 48:1 d7 (ISTD) [SIM],TG,,1,TRUE,TRUE,,,
TG 49:1 [-15:0],TG 48:1 d7 (ISTD) [-15:0] ,TG,,1,TRUE,TRUE,,,
TG 49:1 [-16:0],TG 48:1 d7 (ISTD) [-15:0] ,TG,,1,TRUE,TRUE,,,
TG 49:1 [-18:1],TG 48:1 d7 (ISTD) [-15:0] ,TG,,1,TRUE,TRUE,,,
TG 49:1 [SIM],TG 48:1 d7 (ISTD) [SIM],TG,,1,TRUE,TRUE,,,
TG 50:0 [-18:0],TG 48:1 d7 (ISTD) [-15:0] ,TG,,1,TRUE,TRUE,,,
TG 50:0 [SIM],TG 48:1 d7 (ISTD) [SIM],TG,,1,TRUE,TRUE,,,
TG 50:1 [-14:0],TG 48:1 d7 (ISTD) [-15:0] ,TG,,1,TRUE,TRUE,,,
TG 50:1 [-18:1],TG 48:1 d7 (ISTD) [-15:0] ,TG,,1,TRUE,TRUE,,,
TG 50:1 [SIM],TG 48:1 d7 (ISTD) [SIM],TG,,1,TRUE,TRUE,,,
TG 50:2 [-18:0],TG 48:1 d7 (ISTD) [-15:0] ,TG,,1,TRUE,TRUE,,,
TG 50:2 [-18:1],TG 48:1 d7 (ISTD) [-15:0] ,TG,,1,TRUE,TRUE,,,
TG 50:2 [-18:2],TG 48:1 d7 (ISTD) [-15:0] ,TG,,1,TRUE,TRUE,,,
TG 50:2 [SIM],TG 48:1 d7 (ISTD) [SIM],TG,,1,TRUE,TRUE,,,
TG 50:3 [-14:1],TG 48:1 d7 (ISTD) [-15:0] ,TG,,1,TRUE,TRUE,,,
TG 50:3 [-16:1],TG 48:1 d7 (ISTD) [-15:0] ,TG,,1,TRUE,TRUE,,,
TG 50:3 [-18:1],TG 48:1 d7 (ISTD) [-15:0] ,TG,,1,TRUE,TRUE,,,
TG 50:3 [SIM],TG 48:1 d7 (ISTD) [SIM],TG,,1,TRUE,TRUE,,,
TG 50:4 [-14:0],TG 48:1 d7 (ISTD) [-15:0] ,TG,,1,TRUE,TRUE,,,
TG 50:4 [SIM],TG 48:1 d7 (ISTD) [SIM],TG,,1,TRUE,TRUE,,,
TG 51:0 [-16:0],TG 48:1 d7 (ISTD) [-15:0] ,TG,,1,TRUE,TRUE,,,
TG 51:0 [-17:0],TG 48:1 d7 (ISTD) [-15:0] ,TG,,1,TRUE,TRUE,,,
TG 51:1 [-18:1],TG 48:1 d7 (ISTD) [-15:0] ,TG,,1,TRUE,TRUE,,,
TG 51:1 [SIM],TG 48:1 d7 (ISTD) [SIM],TG,,1,TRUE,TRUE,,,
TG 51:2 [-15:0],TG 48:1 d7 (ISTD) [-15:0] ,TG,,1,TRUE,TRUE,,,
TG 51:2 [-16:0],TG 48:1 d7 (ISTD) [-15:0] ,TG,,1,TRUE,TRUE,,,
TG 51:2 [-18:1],TG 48:1 d7 (ISTD) [-15:0] ,TG,,1,TRUE,TRUE,,,
TG 51:2 [SIM],TG 48:1 d7 (ISTD) [SIM],TG,,1,TRUE,TRUE,,,
TG 52:1 [-18:0],TG 48:1 d7 (ISTD) [-15:0] ,TG,,1,TRUE,TRUE,,,
TG 52:1 [SIM],TG 48:1 d7 (ISTD) [SIM],TG,,1,TRUE,TRUE,,,
TG 52:2 [-16:0],TG 48:1 d7 (ISTD) [-15:0] ,TG,,1,TRUE,TRUE,,,
TG 52:2 [SIM],TG 48:1 d7 (ISTD) [SIM],TG,,1,TRUE,TRUE,,,
TG 52:3 [-16:1],TG 48:1 d7 (ISTD) [-15:0] ,TG,,1,TRUE,TRUE,,,
TG 52:3 [-18:2],TG 48:1 d7 (ISTD) [-15:0] ,TG,,1,TRUE,TRUE,,,
TG 52:3 [SIM],TG 48:1 d7 (ISTD) [SIM],TG,,1,TRUE,TRUE,,,
TG 52:4 [-16:0],TG 48:1 d7 (ISTD) [-15:0] ,TG,,1,TRUE,TRUE,,,
TG 52:4 [-18:1],TG 48:1 d7 (ISTD) [-15:0] ,TG,,1,TRUE,TRUE,,,
TG 52:4 [SIM],TG 48:1 d7 (ISTD) [SIM],TG,,1,TRUE,TRUE,,,
TG 53:2 [-17:0],TG 48:1 d7 (ISTD) [-15:0] ,TG,,1,TRUE,TRUE,,,
TG 53:2 [SIM],TG 48:1 d7 (ISTD) [SIM],TG,,1,TRUE,TRUE,,,
TG 54:0 [-18:0],TG 48:1 d7 (ISTD) [-15:0] ,TG,,1,TRUE,TRUE,,,
TG 54:0 [SIM],TG 48:1 d7 (ISTD) [-15:0] ,TG,,1,TRUE,TRUE,,,
TG 54:1 [-18:1],TG 48:1 d7 (ISTD) [-15:0] ,TG,,1,TRUE,TRUE,,,
TG 54:1 [SIM],TG 48:1 d7 (ISTD) [SIM],TG,,1,TRUE,TRUE,,,
TG 54:2 [-18:0],TG 48:1 d7 (ISTD) [-15:0] ,TG,,1,TRUE,TRUE,,,
TG 54:2 [SIM],TG 48:1 d7 (ISTD) [SIM],TG,,1,TRUE,TRUE,,,
TG 54:3 [-18:1],TG 48:1 d7 (ISTD) [-15:0] ,TG,,1,TRUE,TRUE,,,
TG 54:3 [SIM],TG 48:1 d7 (ISTD) [SIM],TG,,1,TRUE,TRUE,,,
TG 54:4 [-18:0],TG 48:1 d7 (ISTD) [-15:0] ,TG,,1,TRUE,TRUE,,,
TG 54:4 [-18:2],TG 48:1 d7 (ISTD) [-15:0] ,TG,,1,TRUE,TRUE,,,
TG 54:4 [SIM],TG 48:1 d7 (ISTD) [SIM],TG,,1,TRUE,TRUE,,,
TG 54:5 [-18:1],TG 48:1 d7 (ISTD) [-15:0] ,TG,,1,TRUE,TRUE,,,
TG 54:5 [SIM],TG 48:1 d7 (ISTD) [SIM],TG,,1,TRUE,TRUE,,,
TG 54:6 [-18:2],TG 48:1 d7 (ISTD) [-15:0] ,TG,,1,TRUE,TRUE,,,
TG 54:6 [SIM],TG 48:1 d7 (ISTD) [SIM],TG,,1,TRUE,TRUE,,,
TG 56:6 [-20:4],TG 48:1 d7 (ISTD) [-15:0] ,TG,,1,TRUE,TRUE,,,
TG 56:6 [SIM],TG 48:1 d7 (ISTD) [SIM],TG,,1,TRUE,TRUE,,,
TG 56:8 [-20:4],TG 48:1 d7 (ISTD) [-15:0] ,TG,,1,TRUE,TRUE,,,
TG 56:8 [SIM],TG 48:1 d7 (ISTD) [SIM],TG,,1,TRUE,TRUE,,,
TG 58:8 [-22:6],TG 48:1 d7 (ISTD) [-15:0] ,TG,,1,TRUE,TRUE,,,
TG 58:8 [SIM],TG 48:1 d7 (ISTD) [SIM],TG,,1,TRUE,TRUE,,,
TG O-50:1 [-18:1],TG 48:1 d7 (ISTD) [-15:0] ,TG-O,,1,TRUE,TRUE,,,
TG O-51:2 [-18:1],TG 48:1 d7 (ISTD) [-15:0] ,TG-O,,1,TRUE,TRUE,,,
TG O-52:2 [-16:0],TG 48:1 d7 (ISTD) [-15:0] ,TG-O,,1,TRUE,TRUE,,,
TG O-52:2 [-18:1],TG 48:1 d7 (ISTD) [-15:0] ,TG-O,,1,TRUE,TRUE,,,
